Index,Window_Sequence,Score,Is_Impossible
0,CAGGTTGGA,2.3988083103981097,False
1,AGGTTGGAA,-inf,True
2,GGTTGGAAA,-inf,True
3,GTTGGAAAC,-inf,True
4,TTGGAAACG,-inf,True
5,TGGAAACGT,-inf,True
6,GGAAACGTA,-inf,True
7,GAAACGTAA,-inf,True
8,AAACGTAAT,-inf,True
9,AACGTAATC,4.372889336420119,False
10,ACGTAATCA,-inf,True
11,CGTAATCAG,-inf,True
12,GTAATCAGC,-inf,True
13,TAATCAGCG,-inf,True
14,AATCAGCGA,-inf,True
15,ATCAGCGAT,-inf,True
16,TCAGCGATT,-inf,True
17,CAGCGATTA,-inf,True
18,AGCGATTAC,-inf,True
19,GCGATTACG,-inf,True
20,CGATTACGC,-inf,True
21,GATTACGCA,-inf,True
22,ATTACGCAT,-inf,True
23,TTACGCATG,-inf,True
24,TACGCATGA,-inf,True
25,ACGCATGAC,-inf,True
26,CGCATGACG,-inf,True
27,GCATGACGT,-inf,True
28,CATGACGTA,-inf,True
29,ATGACGTAA,-inf,True
